best_model,rows_used,feature_count,r2,mae,rmse
ridge,1304,23,0.006160730328411579,0.7290886150251159,0.9226807233874911
