feature,coefficient
char_entropy,0.1658897250670897
gzip_ratio,0.6870178055379074
clean_text_words,6.208763898682179e-06
intercept,5.553781242558333
